region_id,seed_face_index,reason,seed_label,seed_x,seed_y,seed_z,seed_min_angle_deg,seed_max_angle_deg,seed_aspect_ratio,patch_radius,step,patch_face_count,patch_bad_count,patch_good_count,patch_needle_count,patch_low_aspect_count,patch_cap_count,patch_zero_area_count,patch_min_angle_deg,patch_avg_min_angle_deg,patch_max_angle_deg,tracked_face_index,tracked_face_label,tracked_min_angle_deg,tracked_max_angle_deg,tracked_aspect_ratio,tracked_distance_to_seed
1,17936,worst cap-like triangle that becomes locally tracked,cap,0.143859000,0.010383667,0.229466333,1.084373,175.841493,0.260974,0.013394756,0,220,141,79,140,0,1,0,0.878107,6.644362,175.841493,17936,cap,1.084373,175.841493,0.260974,0.000000
1,17936,worst cap-like triangle that becomes locally tracked,cap,0.143859000,0.010383667,0.229466333,1.084373,175.841493,0.260974,0.013394756,1,220,128,92,126,0,2,0,0.909408,7.643306,176.654281,15219,needle,2.319330,170.595497,0.247662,0.000291
1,17936,worst cap-like triangle that becomes locally tracked,cap,0.143859000,0.010383667,0.229466333,1.084373,175.841493,0.260974,0.013394756,2,198,100,98,98,0,2,0,1.004104,8.555725,176.167176,16402,cap,1.563445,176.167176,0.408163,0.000214
1,17936,worst cap-like triangle that becomes locally tracked,cap,0.143859000,0.010383667,0.229466333,1.084373,175.841493,0.260974,0.013394756,3,179,74,105,74,0,0,0,1.138411,9.488316,174.781425,15877,needle,2.089057,174.781425,0.400777,0.000194
1,17936,worst cap-like triangle that becomes locally tracked,cap,0.143859000,0.010383667,0.229466333,1.084373,175.841493,0.260974,0.013394756,4,172,63,109,61,0,2,0,0.756945,9.944661,175.539811,15393,needle,2.089057,174.781425,0.400777,0.000194
1,17936,worst cap-like triangle that becomes locally tracked,cap,0.143859000,0.010383667,0.229466333,1.084373,175.841493,0.260974,0.013394756,5,163,50,113,48,0,2,0,0.756945,10.610053,178.098411,14319,needle,3.622149,172.104032,0.459883,0.000155
1,17936,worst cap-like triangle that becomes locally tracked,cap,0.143859000,0.010383667,0.229466333,1.084373,175.841493,0.260974,0.013394756,6,157,42,115,40,0,2,0,0.756945,11.040433,176.848937,14130,needle,4.503562,170.578183,0.479660,0.000088
1,17936,worst cap-like triangle that becomes locally tracked,cap,0.143859000,0.010383667,0.229466333,1.084373,175.841493,0.260974,0.013394756,7,149,31,118,29,0,2,0,0.626155,11.637194,177.297594,14062,good,6.830962,164.655421,0.449471,0.000154
1,17936,worst cap-like triangle that becomes locally tracked,cap,0.143859000,0.010383667,0.229466333,1.084373,175.841493,0.260974,0.013394756,8,144,24,120,23,0,1,0,0.626155,12.094973,178.207762,14037,good,6.830962,164.655421,0.449471,0.000154
1,17936,worst cap-like triangle that becomes locally tracked,cap,0.143859000,0.010383667,0.229466333,1.084373,175.841493,0.260974,0.013394756,9,141,16,125,16,0,0,0,1.584153,12.605970,174.503354,13224,good,13.992662,94.935173,0.242697,0.000280
1,17936,worst cap-like triangle that becomes locally tracked,cap,0.143859000,0.010383667,0.229466333,1.084373,175.841493,0.260974,0.013394756,10,137,12,125,12,0,0,0,1.580132,12.958998,172.791466,13252,good,14.590556,95.850550,0.253229,0.000257
2,39860,skinny needle-like triangle that becomes locally tracked,needle,0.129655000,-0.014741667,0.290070667,0.574512,90.000000,0.010027,0.013394756,0,160,122,38,122,0,0,0,0.488342,5.796763,131.295672,39860,needle,0.574512,90.000000,0.010027,0.000000
2,39860,skinny needle-like triangle that becomes locally tracked,needle,0.129655000,-0.014741667,0.290070667,0.574512,90.000000,0.010027,0.013394756,1,139,98,41,98,0,0,0,0.488351,6.666991,131.295672,36774,needle,0.881967,90.643645,0.015394,0.000116
2,39860,skinny needle-like triangle that becomes locally tracked,needle,0.129655000,-0.014741667,0.290070667,0.574512,90.000000,0.010027,0.013394756,2,117,71,46,71,0,0,0,0.749339,7.932977,131.295672,35276,needle,0.881967,90.643645,0.015394,0.000116
2,39860,skinny needle-like triangle that becomes locally tracked,needle,0.129655000,-0.014741667,0.290070667,0.574512,90.000000,0.010027,0.013394756,3,105,56,49,56,0,0,0,0.749241,8.871622,131.295672,34203,needle,0.881967,90.643645,0.015394,0.000116
2,39860,skinny needle-like triangle that becomes locally tracked,needle,0.129655000,-0.014741667,0.290070667,0.574512,90.000000,0.010027,0.013394756,4,92,41,51,41,0,0,0,0.881568,10.049288,131.295672,33277,needle,1.756872,90.239185,0.030659,0.000343
2,39860,skinny needle-like triangle that becomes locally tracked,needle,0.129655000,-0.014741667,0.290070667,0.574512,90.000000,0.010027,0.013394756,5,86,33,53,33,0,0,0,1.480871,10.733452,131.295672,32772,needle,1.756872,90.239185,0.030659,0.000343
2,39860,skinny needle-like triangle that becomes locally tracked,needle,0.129655000,-0.014741667,0.290070667,0.574512,90.000000,0.010027,0.013394756,6,79,25,54,25,0,0,0,2.475545,11.614498,131.295672,32385,needle,2.916156,90.069788,0.050875,0.000506
2,39860,skinny needle-like triangle that becomes locally tracked,needle,0.129655000,-0.014741667,0.290070667,0.574512,90.000000,0.010027,0.013394756,7,73,17,56,17,0,0,0,2.474868,12.533049,131.295672,32233,needle,2.908353,91.453133,0.050755,0.000428
2,39860,skinny needle-like triangle that becomes locally tracked,needle,0.129655000,-0.014741667,0.290070667,0.574512,90.000000,0.010027,0.013394756,8,69,11,58,11,0,0,0,3.801000,13.229831,131.295672,34294,good,6.967564,91.408333,0.121344,0.000530
2,39860,skinny needle-like triangle that becomes locally tracked,needle,0.129655000,-0.014741667,0.290070667,0.574512,90.000000,0.010027,0.013394756,9,66,6,60,6,0,0,0,3.812255,13.792983,131.295672,34288,good,6.967564,91.408333,0.121344,0.000530
2,39860,skinny needle-like triangle that becomes locally tracked,needle,0.129655000,-0.014741667,0.290070667,0.574512,90.000000,0.010027,0.013394756,10,64,2,62,2,0,0,0,4.408247,14.205248,131.295672,34302,good,8.522544,91.971228,0.148286,0.000535
3,87192,skinny needle-like triangle that becomes locally tracked,needle,0.010486667,0.114443000,0.092967333,0.794740,129.028304,0.017855,0.013394756,0,220,105,115,105,0,0,0,0.704243,11.485557,169.704794,87192,needle,0.794740,129.028304,0.017855,0.000000
3,87192,skinny needle-like triangle that becomes locally tracked,needle,0.010486667,0.114443000,0.092967333,0.794740,129.028304,0.017855,0.013394756,1,220,90,130,90,0,0,0,0.782345,13.262090,169.479780,84004,needle,0.785833,129.586191,0.017796,0.000018
3,87192,skinny needle-like triangle that becomes locally tracked,needle,0.010486667,0.114443000,0.092967333,0.794740,129.028304,0.017855,0.013394756,2,220,73,147,73,0,0,0,1.145507,15.004740,171.906700,80141,needle,1.481451,109.301195,0.027393,0.000068
3,87192,skinny needle-like triangle that becomes locally tracked,needle,0.010486667,0.114443000,0.092967333,0.794740,129.028304,0.017855,0.013394756,3,220,58,162,58,0,0,0,1.477986,16.743555,162.422889,78079,needle,1.503004,108.579732,0.027672,0.000043
3,87192,skinny needle-like triangle that becomes locally tracked,needle,0.010486667,0.114443000,0.092967333,0.794740,129.028304,0.017855,0.013394756,4,220,46,174,46,0,0,0,2.215280,17.767873,161.733828,77907,needle,2.215280,121.403073,0.045288,0.000068
3,87192,skinny needle-like triangle that becomes locally tracked,needle,0.010486667,0.114443000,0.092967333,0.794740,129.028304,0.017855,0.013394756,5,220,40,180,40,0,0,0,2.233714,18.712964,161.733828,76663,needle,2.270569,123.003135,0.047241,0.000106
3,87192,skinny needle-like triangle that becomes locally tracked,needle,0.010486667,0.114443000,0.092967333,0.794740,129.028304,0.017855,0.013394756,6,220,25,195,25,0,0,0,3.129996,19.570749,161.733828,73757,needle,4.063752,92.037221,0.070911,0.000236
3,87192,skinny needle-like triangle that becomes locally tracked,needle,0.010486667,0.114443000,0.092967333,0.794740,129.028304,0.017855,0.013394756,7,220,15,205,15,0,0,0,3.987306,19.987300,161.733828,73321,good,5.622611,90.317681,0.097977,0.000283
3,87192,skinny needle-like triangle that becomes locally tracked,needle,0.010486667,0.114443000,0.092967333,0.794740,129.028304,0.017855,0.013394756,8,220,6,214,6,0,0,0,4.450253,20.316912,161.733828,73061,good,5.619341,88.003901,0.097978,0.000354
3,87192,skinny needle-like triangle that becomes locally tracked,needle,0.010486667,0.114443000,0.092967333,0.794740,129.028304,0.017855,0.013394756,9,220,2,218,2,0,0,0,4.612727,20.743560,161.733828,72945,good,5.619341,88.003901,0.097978,0.000354
3,87192,skinny needle-like triangle that becomes locally tracked,needle,0.010486667,0.114443000,0.092967333,0.794740,129.028304,0.017855,0.013394756,10,220,0,220,0,0,0,0,5.265400,21.014292,161.733828,72937,good,5.619341,88.003901,0.097978,0.000354
4,77475,skinny needle-like triangle that becomes locally tracked,needle,0.010496333,-0.114468333,0.107053000,0.851769,130.817360,0.019643,0.013394756,0,220,105,115,105,0,0,0,0.687558,12.067498,170.721099,77475,needle,0.851769,130.817360,0.019643,0.000000
4,77475,skinny needle-like triangle that becomes locally tracked,needle,0.010496333,-0.114468333,0.107053000,0.851769,130.817360,0.019643,0.013394756,1,220,87,133,87,0,0,0,1.080482,13.757718,170.455794,74857,needle,1.404633,121.214286,0.028662,0.000018
4,77475,skinny needle-like triangle that becomes locally tracked,needle,0.010496333,-0.114468333,0.107053000,0.851769,130.817360,0.019643,0.013394756,2,220,73,147,73,0,0,0,1.135841,15.265945,170.455794,72447,needle,1.814061,90.098419,0.031656,0.000037
4,77475,skinny needle-like triangle that becomes locally tracked,needle,0.010496333,-0.114468333,0.107053000,0.851769,130.817360,0.019643,0.013394756,3,220,62,158,62,0,0,0,1.775427,16.127112,170.342566,70765,needle,1.890405,90.972524,0.032993,0.000069
4,77475,skinny needle-like triangle that becomes locally tracked,needle,0.010496333,-0.114468333,0.107053000,0.851769,130.817360,0.019643,0.013394756,4,220,53,167,53,0,0,0,2.381463,17.195405,170.342566,68343,needle,3.786690,89.032546,0.066052,0.000185
4,77475,skinny needle-like triangle that becomes locally tracked,needle,0.010496333,-0.114468333,0.107053000,0.851769,130.817360,0.019643,0.013394756,5,220,38,182,38,0,0,0,2.968728,18.544111,169.829021,67527,needle,3.778318,90.512047,0.065899,0.000229
4,77475,skinny needle-like triangle that becomes locally tracked,needle,0.010496333,-0.114468333,0.107053000,0.851769,130.817360,0.019643,0.013394756,6,220,12,208,12,0,0,0,4.000515,19.374197,169.829021,68877,good,5.635698,146.598841,0.178389,0.000274
4,77475,skinny needle-like triangle that becomes locally tracked,needle,0.010496333,-0.114468333,0.107053000,0.851769,130.817360,0.019643,0.013394756,7,220,9,211,9,0,0,0,3.136911,19.560431,173.042320,68588,good,6.756620,133.744409,0.162856,0.000350
4,77475,skinny needle-like triangle that becomes locally tracked,needle,0.010496333,-0.114468333,0.107053000,0.851769,130.817360,0.019643,0.013394756,8,220,2,218,2,0,0,0,3.136911,20.166635,173.042320,68422,good,6.342002,135.595714,0.157868,0.000292
4,77475,skinny needle-like triangle that becomes locally tracked,needle,0.010496333,-0.114468333,0.107053000,0.851769,130.817360,0.019643,0.013394756,9,220,0,220,0,0,0,0,5.227364,20.445475,162.882868,68350,good,6.342002,135.595714,0.157868,0.000292
4,77475,skinny needle-like triangle that becomes locally tracked,needle,0.010496333,-0.114468333,0.107053000,0.851769,130.817360,0.019643,0.013394756,10,220,0,220,0,0,0,0,5.227364,20.445475,162.882868,68352,good,6.342002,135.595714,0.157868,0.000292
